fichier,horodatage,lat,lon,altitude_m,position_m,vegetation,nettete,exposition,focale_35mm,retenue,doublon_de,azimut_estime_deg,azimut_fiable
IMG_20260915_153548 Xavier.jpg,2026:09:15 15:35:48,48.241184,2.703845,107.6,0.0,0.177,3874.6,0.535,13.0,1,,,0
IMG_20260915_153737 Xavier.jpg,2026:09:15 15:37:37,48.242719,2.701493,109.9,243.2,0.441,3968.5,0.502,13.0,1,,,0
IMG_6705 Damien.jpeg,2026:09:15 15:37:54,48.2438778,2.7004139,63.7,394.3,0.47,4612.0,0.431,24.0,1,,,0
IMG_6706 Damien.jpeg,2026:09:15 15:37:57,48.2439889,2.7011222,62.0,448.2,0.453,3833.4,0.411,24.0,1,,,0
IMG_6707 Damien.jpeg,2026:09:15 15:41:23,48.2494806,2.6972889,60.9,1118.4,0.179,1994.4,0.444,24.0,0,,,0
IMG_6708 Damien.jpeg,2026:09:15 15:42:49,48.249675,2.6973722,61.0,1140.8,0.528,4023.8,0.459,14.0,0,,,0
IMG_6709 Damien.jpeg,2026:09:15 15:42:52,48.2496333,2.6972806,61.9,1149.0,0.49,5618.1,0.399,16.0,1,,,0
IMG_20260915_154421 Xavier.jpg,2026:09:15 15:44:21,48.248092,2.697288,0.0,1319.3,0.377,3406.2,0.479,13.0,1,,,0
IMG_6710 Damien.jpeg,2026:09:15 15:44:21,48.2513111,2.6969,67.7,1676.3,0.376,5250.8,0.457,16.0,0,,,0
IMG_6711 Damien.jpeg,2026:09:15 15:45:14,48.2518083,2.6967667,65.8,1732.2,0.458,3721.6,0.44,16.0,1,,,0
IMG_6712 Damien.jpeg,2026:09:15 15:45:19,48.2518,2.6967639,65.3,1733.1,0.163,3824.8,0.47,16.0,0,,,0
IMG_20260915_154525 Xavier.jpg,2026:09:15 15:45:25,48.251874,2.696807,111.1,1741.9,0.204,2941.4,0.494,13.0,0,,,0
IMG_6713 Damien.jpeg,2026:09:15 15:47:28,48.2551333,2.6952639,64.7,2119.9,0.516,4454.5,0.419,94.0,0,,,0
IMG_6714 Damien.jpeg,2026:09:15 15:47:35,48.2551111,2.6952778,63.5,2122.6,0.24,2829.4,0.452,27.0,0,,,0
IMG_20260915_154923 Xavier.jpg,2026:09:15 15:49:23,48.25702,2.6943,107.4,2345.7,0.473,4070.4,0.453,13.0,1,,,0
IMG_6715 Damien.jpeg,2026:09:15 15:49:29,48.2575639,2.6944028,56.2,2406.3,0.059,3820.8,0.398,27.0,0,,,0
IMG_6716 Damien.jpeg,2026:09:15 15:49:35,48.2575917,2.694375,59.4,2410.0,0.494,6643.5,0.277,17.0,0,,,0
IMG_6717 Damien.jpeg,2026:09:15 15:49:54,48.2576111,2.6943083,60.4,2415.4,0.664,5059.2,0.314,28.0,1,,,0
IMG_6718 Damien.jpeg,2026:09:15 15:58:14,48.2663417,2.6890944,62.3,3454.9,0.218,4072.4,0.472,24.0,1,,,0
IMG_6719 Damien.jpeg,2026:09:15 16:18:14,48.2917833,2.6942833,57.8,6293.4,0.45,2340.6,0.429,26.0,1,,,0
IMG_6720 Damien.jpeg,2026:09:15 16:18:18,48.2917528,2.6943278,60.0,6298.1,0.395,2718.1,0.43,33.0,0,,,0
IMG_6721 Damien.jpeg,2026:09:15 16:19:07,48.2906111,2.6929194,63.6,6461.9,0.512,3365.4,0.476,56.0,1,,,0
IMG_6722 Damien.jpeg,2026:09:15 16:19:56,48.2904194,2.6922306,59.8,6517.2,0.532,5676.1,0.417,58.0,1,,,0
IMG_6723 Damien.jpeg,2026:09:15 16:23:25,48.2814167,2.692925,58.4,7513.7,0.283,2729.9,0.464,44.0,1,,,0
IMG_6724 Damien.jpeg,2026:09:15 16:23:25,48.2814167,2.692925,58.4,,0.292,2769.9,0.461,44.0,0,IMG_6723 Damien.jpeg,,0
IMG_6725 Damien.jpeg,2026:09:15 16:24:49,48.279675,2.6928361,60.0,7706.3,0.244,2696.5,0.494,49.0,1,,330,0
IMG_6726 Damien.jpeg,2026:09:15 16:24:52,48.2788194,2.6935167,57.4,7813.5,0.283,2798.2,0.472,29.0,1,,329,0
IMG_6728 Damien.jpeg,2026:09:15 16:26:07,48.2765194,2.6940333,58.9,8070.6,0.207,2728.8,0.453,24.0,0,,,0
IMG_6729 Damien.jpeg,2026:09:15 16:26:12,48.2765194,2.694025,58.5,8071.2,0.279,2171.6,0.402,24.0,1,,,0
IMG_6730 Damien.jpeg,2026:09:15 16:27:52,48.2726222,2.6944778,62.3,8503.3,0.118,3614.8,0.386,24.0,1,,264,0
IMG_6731 Damien.jpeg,2026:09:15 16:28:09,48.2727611,2.69515,59.5,8555.4,0.354,3201.6,0.412,24.0,1,,,0
IMG_6732 Damien.jpeg,2026:09:15 16:28:13,48.2727667,2.6951417,61.3,8556.3,0.293,809.8,0.446,24.0,0,,288,0
IMG_6733 Damien.jpeg,2026:09:15 16:28:15,48.2727694,2.6951472,62.0,8556.8,0.303,1097.0,0.406,24.0,0,,258,0
IMG_6734 Damien.jpeg,2026:09:15 16:28:45,48.2727972,2.6944806,62.4,8606.3,0.141,3692.0,0.426,56.0,1,,,0
IMG_6737 Damien.jpeg,2026:09:15 16:29:19,48.2719167,2.6937167,60.3,8718.9,0.464,6246.3,0.489,56.0,1,,24,0
IMG_6738 Damien.jpeg,2026:09:15 16:29:22,48.2719278,2.6937278,61.1,8720.4,0.217,3842.5,0.452,27.0,0,,,0
IMG_6739 Damien.jpeg,2026:09:15 16:29:25,48.2719278,2.6937194,61.0,8721.0,0.139,2097.6,0.44,41.0,0,,7,0
IMG_6740 Damien.jpeg,2026:09:15 16:29:35,48.2719167,2.6937139,60.5,8722.3,0.392,3415.7,0.482,24.0,0,,329,0
IMG_6741 Damien.jpeg,2026:09:15 16:30:56,48.2710833,2.69175,61.8,8894.5,0.245,2539.5,0.395,24.0,1,,122,0
IMG_6742 Damien.jpeg,2026:09:15 16:33:38,48.265975,2.6932833,71.1,9470.5,0.15,2760.5,0.39,24.0,1,,,0
IMG_6744 Damien.jpeg,2026:09:15 16:35:40,48.2662472,2.697025,58.6,9749.4,0.09,4262.6,0.456,20.0,1,,224,0
IMG_6745 Damien.jpeg,2026:09:15 16:36:33,48.2661694,2.6962389,49.5,9808.3,0.049,3139.1,0.456,34.0,1,,,0
IMG_6746 Damien.jpeg,2026:09:15 16:37:24,48.26555,2.6962167,65.2,9876.8,0.064,3684.2,0.441,14.0,1,,306,0
IMG_6747 Damien.jpeg,2026:09:15 16:38:00,48.2655639,2.6966917,66.9,9912.0,0.057,4024.4,0.473,21.0,0,,,0
IMG_6748 Damien.jpeg,2026:09:15 16:39:15,48.2655611,2.6965917,59.1,9919.5,0.231,4347.9,0.449,17.0,0,,,0
IMG_6749 Damien.jpeg,2026:09:15 16:41:34,48.2656389,2.6973694,59.7,9977.7,0.016,3990.4,0.608,14.0,1,,331,1
IMG_6755 Damien.jpeg,2026:09:15 18:38:16,48.2636028,2.6942417,67.4,10300.8,0.271,4318.6,0.34,70.0,0,,,0
IMG_6756 Damien.jpeg,2026:09:15 18:38:19,48.2636083,2.6942194,67.8,10302.6,0.428,4629.6,0.434,70.0,1,,,0
IMG_6757 Damien.jpeg,2026:09:15 18:40:02,48.2629667,2.6944944,68.7,10376.4,0.068,2297.8,0.424,40.0,0,,,0
IMG_6758 Damien.jpeg,2026:09:15 18:40:04,48.2628861,2.6946056,66.1,10388.5,0.567,3871.7,0.432,40.0,1,,,0
IMG_6759 Damien.jpeg,2026:09:15 18:40:06,48.2628778,2.6946028,66.0,10389.5,0.383,3270.6,0.436,26.0,0,,,0
IMG_6760 Damien.jpeg,2026:09:15 18:48:23,48.2410806,2.7036306,61.3,12890.1,0.39,4322.4,0.486,42.0,1,,,0
IMG_6760 Dd.jpeg,2026:09:15 18:48:23,48.2410806,2.7036306,61.3,,0.39,4322.4,0.486,42.0,0,IMG_6760 Damien.jpeg,,0
